time,px,py,pz,qw,qx,qy,qz,vx,vy,vz,wx,wy,wz,goal_x,goal_y,goal_z,u1,u2,u3,u4,u5,u6,u7,u8,u_alpha,u_beta,solve_time,dist_fx,dist_fy,dist_fz,dist_mx,dist_my,dist_mz
0.0,0.0,0.0,0.2013,1.0,0.0,0.0,0.0,0.0,0.0,0.0,0.0,0.0,0.0,0.0,0.0,1.0,16.1482240689351,0.0,16.1482240689351,0.0,16.1482240689351,0.0,16.1482240689351,0.0,0.46832657534928473,0.46832657534928473,0.0015398960001675732,0.0,0.0,0.0,0.0,0.0,0.0
0.010186433792114258,-0.00010350861373503207,-7.2218907039820975e-06,0.20194019631341187,0.9999999901755451,0.00011379791702625319,-3.02462687259201e-05,7.605331690554999e-05,-0.010350861373503207,-0.0007221890703982098,0.06401963134118488,0.02275958347978414,-0.006049253764994228,0.015210663430922158,0.0,0.0,1.0,18.069280122740526,0.0,18.13570483568438,0.0,17.973379733736316,0.0,18.03980444668017,0.0,0.49495746768694193,0.49495746768694193,0.0012611940001079347,0.0,0.0,0.0,0.0,0.0,0.0
0.018996238708496094,-0.00020625270199884597,-1.4219798959588335e-05,0.20308005218130773,0.999999960090559,0.00021908773987266842,-8.493937514809298e-05,0.00015685899778019542,-0.01027440882638139,-0.0006997908255606238,0.11398558678958648,0.02105762201508023,-0.010938383820947178,0.016161744396736538,0.0,0.0,1.0,18.761690328426326,0.0,18.880778016091522,0.0,18.709686832180818,0.0,18.828054666768534,0.0,0.5408050041244804,0.5408050041244804,0.000971616000015274,0.0,0.0,0.0,0.0,0.0,0.0
0.030005931854248047,-0.0002988621333706225,-2.1296599597882908e-05,0.20467221755379877,0.999999920232513,0.00031610891634967003,-1.9632942597992716e-05,0.0002433611885385924,-0.009260943137177655,-0.0007076800638294574,0.15921653724910317,0.019407754604634897,0.013062031942707126,0.01729592902128359,0.0,0.0,1.0,21.095638038555,0.0,21.16328885107896,0.0,21.062138266688716,0.0,21.12937285557228,0.0,0.6730926405745874,0.6730926405745874,0.0011669299999539362,0.0,0.0,0.0,0.0,0.0,0.0
0.04038524627685547,-0.0003890745489179064,-2.8520033842952842e-05,0.20666370950705376,0.9999998617116735,0.00040212482338439285,5.346393156210685e-05,0.00033468472970140723,-0.009021241554728391,-0.0007223434245069933,0.19914919532549832,0.017207100173344644,0.014620960537907759,0.0182597506243227,0.0,0.0,1.0,19.46411455188289,0.0,19.52810958337477,0.0,19.41724657372475,0.0,19.48095786224134,0.0,1.6159616413848217,1.6159616413848217,0.0015553580001324008,0.0,0.0,0.0,0.0,0.0,0.0
0.05013322830200195,-0.000520347018462569,-3.8882432780572973e-05,0.2089911440446352,0.9999994770412722,0.000521451338563529,-0.0007487492065203832,0.0004619310656824036,-0.013127246954466262,-0.001036239893762013,0.23274345375814368,0.023810275031896193,-0.16044037290855068,0.02551508618784126,0.0,0.0,1.0,15.258186584870888,0.0,15.716771985889839,0.0,15.195582649173463,0.0,15.652854232750087,0.0,1.5715642911226182,1.5715642911226182,0.0019539709999207844,0.0,0.0,0.0,0.0,0.0,0.0
0.06019711494445801,-0.00063391385052677,-5.5389428558392625e-05,0.21159021055321015,0.9999985312697521,0.0007165590909310587,-0.0014314640819281296,0.0006123005716595551,-0.011356683206420097,-0.0016506995777819655,0.25990665085749515,0.038981076491675766,-0.13654540048290187,0.030115958650517295,0.0,0.0,1.0,15.106826697067858,0.0,15.624699693355687,0.0,15.311005791346528,0.0,15.832750716671333,0.0,1.5708571019547295,1.5708571019547295,0.0012297230000513082,0.0,0.0,0.0,0.0,0.0,0.0
0.06918549537658691,-0.0007261607530854694,-7.529906279404518e-05,0.21442552117257915,0.9999977553084568,0.0009368242391916451,-0.001743542477464099,0.0007561732750646544,-0.009224690255869932,-0.0019909634235652555,0.28353106193689986,0.044056049943345464,-0.062422166357425216,0.02875625843443583,0.0,0.0,1.0,15.831331120952349,0.0,16.186167031042114,0.0,16.046375098951362,0.0,16.41347315282102,0.0,1.5708376465261433,1.5708376465261433,0.001200394000079541,0.0,0.0,0.0,0.0,0.0,0.0
0.07968997955322266,-0.0008041903614843707,-9.530732440232308e-05,0.2174680113237215,0.9999973767715457,0.0011239409010821958,-0.0017864088232864015,0.000889915947847907,-0.007802960839890134,-0.0020008261608277897,0.3042490151142348,0.037463473969746114,-0.008576621845668778,0.02669131448255552,0.0,0.0,1.0,16.262977388887922,0.0,16.478201417492524,0.0,16.44531606451072,0.0,16.66775105717925,0.0,1.5707961880976422,1.5707961880976422,0.0016418229999999312,0.0,0.0,0.0,0.0,0.0,0.0
0.09031820297241211,-0.0008793706706384196,-0.00011672326075312775,0.2206768733973324,0.9999971392849655,0.0012925211123813688,-0.001741417776202172,0.0010090962232391638,-0.007518030915404876,-0.0021415936350804667,0.3208862073610903,0.03376659603956114,0.008994886903313251,0.023765690905319437,0.0,0.0,1.0,14.763392962213807,0.0,14.969940064695704,0.0,14.91538957859516,0.0,15.126175261723606,0.0,1.570796326730368,1.570796326730368,0.0016201339999497577,0.0,0.0,0.0,0.0,0.0,0.0
0.10004854202270508,-0.0009574208778823877,-0.00014034468970264063,0.22401901546949202,0.9999968445948386,0.0014501075612627994,-0.0017236557671300929,0.001112204667790029,-0.00780502072439682,-0.0023621428949512874,0.33421420721596024,0.031556771672027056,0.003547139027643832,0.020562213191138178,0.0,0.0,1.0,14.75016780590085,0.0,14.986558230677097,0.0,14.945591600661423,0.0,15.187217048502983,0.0,1.570796326794918,1.570796326794918,0.0019614670000009937,0.0,0.0,0.0,0.0,0.0,0.0
0.10918760299682617,-0.0010373726853992792,-0.00016625176515447216,0.22746892383607725,0.9999964862272303,0.001593741816719226,-0.0017460134834209411,0.0011995653921428723,-0.007995180751689136,-0.0025907075451831528,0.34499083665852415,0.02875200721056399,-0.0044782663590721234,0.01742913855418361,0.0,0.0,1.0,14.922292915687937,0.0,15.160348066603207,0.0,15.11218304096877,0.0,15.356586077463435,0.0,1.5707963267949088,1.5707963267949088,0.0011684550001973548,0.0,0.0,0.0,0.0,0.0,0.0
0.1193990707397461,-0.0011196396617851696,-0.0001945136741759747,0.2310056822668047,0.9999960343929247,0.0017208301103051752,-0.001831019946068143,0.0012717342933972102,-0.008226697638589051,-0.0028261909021502526,0.3536758430727467,0.025422520960674697,-0.017008877078143112,0.014416554099493478,0.0,0.0,1.0,15.259267578650213,0.0,15.493118499795923,0.0,15.415534424804116,0.0,15.65492794561143,0.0,1.5707963267948983,1.5707963267948983,0.0013649750001150096,0.0,0.0,0.0,0.0,0.0,0.0
0.1298973560333252,-0.0012017902571514734,-0.00022560941082004835,0.23461087829078028,0.9999955526138132,0.001835664748237353,-0.0019389358488196237,0.0013287645768280485,-0.008215059536630381,-0.0031095736644073647,0.36051960239755854,0.022960439074533302,-0.021592851434029895,0.011401222131056803,0.0,0.0,1.0,14.56970977176978,0.0,14.870572214792197,0.0,14.710370563421534,0.0,15.016489898077893,0.0,1.5707963267948972,1.5707963267948972,0.0017081510000025446,0.0,0.0,0.0,0.0,0.0,0.0
0.1401231288909912,-0.0012828781759824485,-0.0002598042891533129,0.23827021238686785,0.9999950882064531,0.0019394790049455787,-0.002045314620187329,0.0013706466584603861,-0.00810879188309752,-0.003419487833326454,0.3659334096087563,0.02075090044822548,-0.021288052477084346,0.00837529983953049,0.0,0.0,1.0,14.605234143635254,0.0,14.94318807028836,0.0,14.798141453108517,0.0,15.143491831738837,0.0,1.5707963267948966,1.5707963267948966,0.001466542000116533,0.0,0.0,0.0,0.0,0.0,0.0
0.15093421936035156,-0.001363193514271164,-0.0002972629193366745,0.2419722371220472,0.9999946602571991,0.0020321880895413395,-0.002143911449384461,0.0013976095146352044,-0.00803153382887154,-0.0037458630183361623,0.3702024735179362,0.018525893125986292,-0.019734399603490167,0.005392983525133789,0.0,0.0,1.0,14.480309946286553,0.0,14.774740855219672,0.0,14.731505316147004,0.0,15.035931912069788,0.0,1.5707963267948966,1.5707963267948966,0.0019701400001395086,0.0,0.0,0.0,0.0,0.0,0.0
0.15988922119140625,-0.0014436780924419823,-0.00033814214999892804,0.245707756113274,0.9999942647520516,0.0021138715738216,-0.002238973765801376,0.0014103213995200743,-0.008048457817081836,-0.004087923066225354,0.3735518991226802,0.016315649045147818,-0.019030197132411244,0.0025460864304235626,0.0,0.0,1.0,15.011233492620198,0.0,15.244144718031974,0.0,15.215054758854349,0.0,15.456326835989527,0.0,1.5707963267948966,1.5707963267948966,0.0012264030001460924,0.0,0.0,0.0,0.0,0.0,0.0
0.17034673690795898,-0.0015253917242754407,-0.0003825835145026832,0.24946946032612238,0.9999938885604533,0.0021846719018670073,-0.002337235113438611,0.001409745526790901,-0.008171363183345829,-0.0044441364503755194,0.3761704212848382,0.014132169587238657,-0.01967253902927228,-0.00010522941683063737,0.0,0.0,1.0,14.765332978465684,0.0,15.074914404304822,0.0,14.884696336614825,0.0,15.200305775203471,0.0,1.5707963267948966,1.5707963267948966,0.0016308189999563183,0.0,0.0,0.0,0.0,0.0,0.0
0.18015837669372559,-0.0016092639964309097,-0.00043070838545000543,0.25325159299737265,0.9999935189660857,0.0022447179048375996,-0.0024437295932336596,0.0013969441752873116,-0.00838722721554689,-0.004812487094732223,0.3782132671250287,0.01197327874230444,-0.021321461878983292,-0.002541687679150916,0.0,0.0,1.0,15.210303843391909,0.0,15.580090370081177,0.0,15.336351611496891,0.0,15.71182808002551,0.0,1.5707963267948966,1.5707963267948966,0.001993299999867304,0.0,0.0,0.0,0.0,0.0,0.0
0.18966054916381836,-0.0016960267415993737,-0.0004826206762734808,0.25704963634481875,0.9999931478524412,0.002294161164384307,-0.002560491820972724,0.0013729363981841182,-0.008676274516846402,-0.005191229082347536,0.3798043347446112,0.009844398691205465,-0.02337706767709951,-0.004773166168500646,0.0,0.0,1.0,14.71524844517734,0.0,15.083808241756962,0.0,15.001421039524244,0.0,15.380152752000543,0.0,1.5707963267948966,1.5707963267948966,0.0016509330000644695,0.0,0.0,0.0,0.0,0.0,0.0
0.2001941204071045,-0.001786344933830869,-0.0005384084124062325,0.26086005644303256,0.9999927674923449,0.0023331984879590797,-0.0026887182931765743,0.0013386342883923423,-0.009031819223149534,-0.005578773613275173,0.38104200982137815,0.007754810350775306,-0.02567177164522893,-0.006821427040440825,0.0,0.0,1.0,15.603745339540076,0.0,15.885727328594719,0.0,15.945539641442075,0.0,16.241849546360292,0.0,1.5707963267948966,1.5707963267948966,0.0016226860000188026,0.0,0.0,0.0,0.0,0.0,0.0
0.20969367027282715,-0.0018809184924612901,-0.0005981433420350721,0.2646800974191776,0.999992366220028,0.0023620703523753333,-0.002830471238441835,0.0012948196359194597,-0.009457355863042116,-0.005973492962883959,0.38200409761450166,0.005713006269276549,-0.028378775326622523,-0.008712137828904537,0.0,0.0,1.0,15.709044598212378,0.0,16.035286149451313,0.0,15.911861234552415,0.0,16.249138667335178,0.0,1.5707963267948966,1.5707963267948966,0.001746361999948931,0.0,0.0,0.0,0.0,0.0,0.0
0.2198047637939453,-0.0019802667902903697,-0.0006618797358616069,0.26850760945495666,0.9999919383033279,0.0023810368604816347,-0.0029851506046830014,0.001242122252781767,-0.009934829782907955,-0.006373639382653469,0.38275120357791037,0.0037235867730968874,-0.030965686098130437,-0.010476949525872638,0.0,0.0,1.0,15.704929281404954,0.0,16.17347107397032,0.0,15.913695440503918,0.0,16.392843683642084,0.0,1.5707963267948966,1.5707963267948966,0.0012734189999719092,0.0,0.0,0.0,0.0,0.0,0.0
0.23004794120788574,-0.0020849190634694443,-0.000729654952552894,0.2723409193477981,0.9999914758422602,0.0023903845220691992,-0.0031526836536780165,0.0011810547980970545,-0.010465227317907444,-0.006777521669128711,0.3833309892841426,0.0017916590672987685,-0.03353801892009722,-0.012139078015880893,0.0,0.0,1.0,15.963656019707532,0.0,16.44125696366368,0.0,16.16937749412051,0.0,16.65967450260875,0.0,1.5707963267948966,1.5707963267948966,0.0013785899998310924,0.0,0.0,0.0,0.0,0.0,0.0
0.24120044708251953,-0.0021954199060735136,-0.0008014894417527694,0.2761787237766849,0.999990967887031,0.0023904277383585736,-0.00333367115237545,0.0011120414721010861,-0.011050084260406913,-0.007183448919987538,0.38378044288868374,-7.738064231914963e-05,-0.03623051558269417,-0.013715928950618423,0.0,0.0,1.0,15.18369658953432,0.0,15.598030949833975,0.0,15.355581574732811,0.0,15.780625402293923,0.0,1.5707963267948966,1.5707963267948966,0.0022467499998128915,0.0,0.0,0.0,0.0,0.0,0.0
0.24924135208129883,-0.002312285328429063,-0.00087738620999521,0.2800200067564403,0.9999904026966432,0.0023814966824815217,-0.0035285793102489737,0.0010354304463864072,-0.011686542235554936,-0.007589676824244053,0.3841282979755404,-0.0018803532308002335,-0.03901629688898409,-0.015222803745425577,0.0,0.0,1.0,15.121885162875445,0.0,15.598866493632038,0.0,15.363378333825334,0.0,15.85255343207362,0.0,1.5707963267948966,1.5707963267948966,0.0012395350001952465,0.0,0.0,0.0,0.0,0.0,0.0
0.25985074043273926,-0.00243600804192022,-0.0009573309924539037,0.28386397598371754,0.9999897680254654,0.0023639330258426734,-0.003737687037835215,0.0009515044054703658,-0.012372271349115699,-0.007994478245869368,0.38439692272772574,-0.003614926592191734,-0.04185792912568278,-0.016672922977848045,0.0,0.0,1.0,14.898631892202985,0.0,15.452321589264523,0.0,15.205980130479778,0.0,15.778729429304482,0.0,1.5707963267948966,1.5707963267948966,0.00170958800003973,0.0,0.0,0.0,0.0,0.0,0.0
0.270263671875,-0.002567067666817245,-0.0010412922572315241,0.28771001314389577,0.9999890511359211,0.00233808185249041,-0.003961128165818675,0.0008604912472198083,-0.013105962489702505,-0.008396126477762044,0.3846037160178205,-0.005280399668686912,-0.044726414989607215,-0.018077344462464735,0.0,0.0,1.0,15.146598807764567,0.0,15.691132823291376,0.0,15.44894894294837,0.0,16.016657014879797,0.0,1.5707963267948966,1.5707963267948966,0.0015154120001170668,0.0,0.0,0.0,0.0,0.0,0.0
0.27968645095825195,-0.002705938410995608,-0.0011292214475889669,0.29155763508141036,0.9999882388666985,0.0023042864324178004,-0.004198913324381403,0.0007625740697330092,-0.01388707441783631,-0.008792919035744279,0.3847621937514595,-0.006877125164415181,-0.04759712659374223,-0.01944511567802434,0.0,0.0,1.0,14.735157340279827,0.0,15.279402839071704,0.0,15.033642539577682,0.0,15.600075827912441,0.0,1.5707963267948966,1.5707963267948966,0.0015844590000142489,0.0,0.0,0.0,0.0,0.0,0.0
0.2901725769042969,-0.0028530954317418505,-0.0012210533372657931,0.295406463497398,0.9999873176979298,0.0022628841750182032,-0.0044509511338193,0.0006579000805400698,-0.014715702074624267,-0.009183188967682618,0.38488284159876796,-0.008406272573040484,-0.05044966857279466,-0.020783489034688643,0.0,0.0,1.0,14.760678974982932,0.0,15.330806040785124,0.0,15.037663718618695,0.0,15.63023761189676,0.0,1.5707963267948966,1.5707963267948966,0.001535745999944993,0.0,0.0,0.0,0.0,0.0,0.0
0.299588680267334,-0.0030090197670969935,-0.0013167064721025068,0.2992562013108534,0.9999862738217614,0.0022142035657472013,-0.004717066019699013,0.0005465883330756059,-0.01559243353551431,-0.009565313483671366,0.3849737813455397,-0.009869630115048217,-0.053267203917198996,-0.02209815768159113,0.0,0.0,1.0,14.213739085374806,0.0,14.872423050778762,0.0,14.564356035745323,0.0,15.249669424519098,0.0,1.5707963267948966,1.5707963267948966,0.00158168799998748,0.0,0.0,0.0,0.0,0.0,0.0
0.3099801540374756,-0.0031742019950290186,-0.0014160836775188388,0.3031066142214152,0.9999850932145796,0.0021585619462768523,-0.004997013517462328,0.0004287363530594015,-0.016518222793202513,-0.009937720541633204,0.3850412910561834,-0.011269434824177478,-0.05603595276465671,-0.02339347859429995,0.0,0.0,1.0,14.244855349243366,0.0,14.918566969415593,0.0,14.630339519190757,0.0,15.340159447436724,0.0,1.5707963267948966,1.5707963267948966,0.0015196399999695132,0.0,0.0,0.0,0.0,0.0,0.0
0.3209357261657715,-0.0033491450822417924,-0.001519072613407228,0.3069575163336708,0.9999837616832263,0.0020962640251950835,-0.005290498270042782,0.00030442578312890844,-0.01749430872127738,-0.010298893588838927,0.3850902112255607,-0.012608225703214692,-0.05874573183838018,-0.024672667915924575,0.0,0.0,1.0,14.205337662791337,0.0,14.897275569857834,0.0,14.433043329821464,0.0,15.155805437799355,0.0,1.5707963267948966,1.5707963267948966,0.001793600999917544,0.0,0.0,0.0,0.0,0.0,0.0
0.3303642272949219,-0.0035343662868122135,-0.0016255463579541425,0.31080875894985277,0.999982264903525,0.002027600947185159,-0.005597189625982658,0.00017372710708736156,-0.0185221204570421,-0.010647374454691461,0.38512426161819535,-0.013888730521663565,-0.06138947530948393,-0.025937986521854042,0.0,0.0,1.0,13.84594513298722,0.0,14.635035423261003,0.0,13.969935982806124,0.0,14.77772785894964,0.0,1.5707963267948966,1.5707963267948966,0.0015676809998694807,0.0,0.0,0.0,0.0,0.0,0.0
0.3399474620819092,-0.003730398238474106,-0.001735364006419681,0.3146602218377497,0.9999805884566318,0.0019528497790336891,-0.005916733940477638,3.670351813022123e-05,-0.019603195166189257,-0.010981764846553848,0.3851462887896955,-0.015113781075975207,-0.06396257606656419,-0.027190913126891193,0.0,0.0,1.0,13.761691727756569,0.0,14.592985597937865,0.0,14.049219627376944,0.0,14.904582972098993,0.0,1.5707963267948966,1.5707963267948966,0.0018093529999987368,0.0,0.0,0.0,0.0,0.0,0.0
0.3502318859100342,-0.00393778936321019,-0.0018483712742010912,0.318511806431575,0.9999787178647704,0.0018722733003375242,-0.006248763849671495,-0.00010658598094372623,-0.020739112473608354,-0.011300726778141026,0.38515845938252796,-0.01628625119375278,-0.06646228096088366,-0.02843229961553457,0.0,0.0,1.0,13.28956983628809,0.0,14.13203467351139,0.0,13.577001265432985,0.0,14.457278359654426,0.0,1.5707963267948966,1.5707963267948966,0.0014321560001917533,0.0,0.0,0.0,0.0,0.0,0.0
0.35951995849609375,-0.0041571038011331,-0.0019644010960712987,0.3223634305404763,0.9999766386267677,0.0017861200130234976,-0.006592905044413608,-0.00025608414011151436,-0.02193144379229093,-0.01160298218702074,0.3851624108901286,-0.01740901222044898,-0.06888719120051043,-0.029662504978233188,0.0,0.0,1.0,13.474716307878957,0.0,14.355366804032645,0.0,13.699172580663983,0.0,14.614686533223539,0.0,1.5707963267948966,1.5707963267948966,0.001465082999857259,0.0,0.0,0.0,0.0,0.0,0.0
0.36971235275268555,-0.004388920942078822,-0.002083274215514533,0.32621502423118537,0.9999743362529568,0.0016946243056415679,-0.00694878114386709,-0.0004117335757720011,-0.023181714094572238,-0.011887311944323438,0.38515936907090675,-0.01848490155567026,-0.07123688273128286,-0.030881506648296024,0.0,0.0,1.0,13.279560680386425,0.0,14.254550955484603,0.0,13.439005777646218,0.0,14.441422338044566,0.0,1.5707963267948966,1.5707963267948966,0.0012588520000917924,0.0,0.0,0.0,0.0,0.0,0.0
0.38014745712280273,-0.004633834672886186,-0.0022047997596634176,0.3300665266235496,0.9999717962990413,0.0015980067255740936,-0.0073160171557965165,-0.0005734753274864822,-0.02449137308073637,-0.01215255441488846,0.3851502392364235,-0.01951670072792644,-0.07351162390061008,-0.03208898993296027,0.0,0.0,1.0,13.25383314079782,0.0,14.267656824949336,0.0,13.425462818525496,0.0,14.46477947200751,0.0,1.5707963267948966,1.5707963267948966,0.0015622290000010253,0.0,0.0,0.0,0.0,0.0,0.0
0.3897883892059326,-0.0048924524066053365,-0.002328775796578893,0.33391788339473,0.9999690043985104,0.0014964743256197777,-0.007694241912359793,-0.000741247758865804,-0.025861773371915045,-0.012397603691547554,0.3851356771180397,-0.020507120282232845,-0.07571217081403292,-0.033284417442395936,0.0,0.0,1.0,13.149357952504019,0.0,14.206798371980076,0.0,13.155289352459535,0.0,14.228205999941734,0.0,1.5707963267948966,1.5707963267948966,0.001733537000063734,0.0,0.0,0.0,0.0,0.0,0.0
0.4006369113922119,-0.0051653939457884015,-0.002454989872561687,0.3377690448328659,0.9999659462932052,0.0013902210613450407,-0.008083089785189169,-0.000914985716229956,-0.02729415391830649,-0.01262140759827939,0.38511614381359055,-0.021458789443911268,-0.07783962338863147,-0.03446708108445044,0.0,0.0,1.0,13.012259599950836,0.0,14.146339711269537,0.0,13.139557423664899,0.0,14.282533048733317,0.0,1.5707963267948966,1.5707963267948966,0.0016909920000216516,0.0,0.0,0.0,0.0,0.0,0.0
0.41021132469177246,-0.005453290177969635,-0.002583223568571893,0.34161996425990976,0.9999626077789618,0.001279490430070611,-0.008482202046666878,-0.0010946216599041058,-0.028789623218123343,-0.012823369601020604,0.3850919427043856,-0.02236181089089681,-0.07989534398508441,-0.03563659744883318,0.0,0.0,1.0,13.049176863573347,0.0,14.247632111275733,0.0,13.009797889560728,0.0,14.219484760578263,0.0,1.5707963267948966,1.5707963267948966,0.0017978619998757495,0.0,0.0,0.0,0.0,0.0,0.0
0.4199085235595703,-0.0057567817832191144,-0.002713241970775437,0.3454705970605845,0.9999589749899904,0.001164391225556099,-0.008891227405469005,-0.0012800801799749395,-0.030349160524947974,-0.013001840220354374,0.385063280067472,-0.023243125073157213,-0.08188083512737601,-0.03679118594889211,0.0,0.0,1.0,12.951188224284204,0.0,14.1943993718078,0.0,12.935533508563456,0.0,14.170604085323655,0.0,1.5707963267948966,1.5707963267948966,0.001895721999972011,0.0,0.0,0.0,0.0,0.0,0.0
0.43062472343444824,-0.006076517778119193,-0.0028448048542288862,0.34932089951880146,0.9999550341580431,0.0010450769797018232,-0.00930982301667184,-0.0014712822614872149,-0.03197359949000785,-0.01315628834534494,0.3850302458216986,-0.02409379041922181,-0.0837977717516355,-0.03793020600420485,0.0,0.0,1.0,12.926747820059779,0.0,14.20774666631373,0.0,12.755324756321674,0.0,14.018943563086033,0.0,1.5707963267948966,1.5707963267948966,0.0017169359998661093,0.0,0.0,0.0,0.0,0.0,0.0
0.44045400619506836,-0.006413154002129408,-0.002977663656026403,0.35317082813870027,0.9999507717157455,0.0009216937898139922,-0.009737654907752049,-0.0016681434416079045,-0.03366362240102147,-0.013285880179751705,0.3849928619898818,-0.02491529469470846,-0.08564792386932925,-0.039052562828027035,0.0,0.0,1.0,12.69128588210508,0.0,14.067429355300312,0.0,12.661930093471117,0.0,14.01243223923697,0.0,1.5707963267948966,1.5707963267948966,0.0018764399999326997,0.0,0.0,0.0,0.0,0.0,0.0
0.45052504539489746,-0.006767351568166784,-0.0031115616613920224,0.35702033906979386,0.9999461743202616,0.0007943771783816347,-0.010174398388153968,-0.0018705733378441111,-0.03541975660373768,-0.013389800536561912,0.3849510931093613,-0.025709750695113012,-0.08743314538702826,-0.04015705987852856,0.0,0.0,1.0,12.689281961952732,0.0,14.157995666549569,0.0,12.510106493987081,0.0,13.958636372927451,0.0,1.5707963267948966,1.5707963267948966,0.0019331890000557905,0.0,0.0,0.0,0.0,0.0,0.0
0.46055173873901367,-0.00713977527750224,-0.003246234388773745,0.36086938765064563,0.9999412288698135,0.0006632523323659986,-0.010619738376959472,-0.00207847527704372,-0.037242370933545606,-0.013467272738172276,0.3849048580851795,-0.026479220266890126,-0.08915535709664585,-0.04124242482240845,0.0,0.0,1.0,12.591843614063084,0.0,14.124961629431208,0.0,12.44335357048285,0.0,13.931736314495955,0.0,1.5707963267948966,1.5707963267948966,0.0019385269999929733,0.0,0.0,0.0,0.0,0.0,0.0
0.4705991744995117,-0.007531092007930271,-0.00338140996616807,0.3647179280489276,0.9999359225180446,0.0005284345667860341,-0.011073369653779868,-0.0022917459300622793,-0.03913167304280308,-0.013517557739432499,0.38485403982819727,-0.027225669199168873,-0.09081653130187618,-0.042307311216249255,0.0,0.0,1.0,12.489529412642826,0.0,14.075621156745935,0.0,12.217632776157268,0.0,13.751248734138406,0.0,1.5707963267948966,1.5707963267948966,0.0020532300000013493,0.0,0.0,0.0,0.0,0.0,0.0
0.4801645278930664,-0.007941969046946492,-0.0035168146668910862,0.3685659129127685,0.9999302426643479,0.00039010968396726366,-0.011534997337350644,-0.002510270121246899,-0.04108770390162213,-0.013540470072301618,0.3847984863840897,-0.02793497803568324,-0.0924187003080252,-0.04334951060342273,0.0,0.0,1.0,12.359755132846729,0.0,14.012278031978958,0.0,12.081987801695341,0.0,13.656039366953003,0.0,1.5707963267948966,1.5707963267948966,0.0015992619998996815,0.0,0.0,0.0,0.0,0.0,0.0
0.49011826515197754,-0.008373072524047424,-0.003652158869205849,0.3724132934184614,0.9999241770560912,0.00024829472295818315,-0.012004336194813139,-0.002733935067442571,-0.043110347710093144,-0.013534420231476293,0.3847380505692883,-0.02864090326065829,-0.09396387097472805,-0.044369130429684864,0.0,0.0,1.0,12.18663976387227,0.0,13.937119401628248,0.0,11.888457923218517,0.0,13.555674015898546,0.0,1.5707963267948966,1.5707963267948966,0.001961199999868768,0.0,0.0,0.0,0.0,0.0,0.0
0.5002107620239258,-0.008825065759636912,-0.0037871515951578357,0.376260018813262,0.9999177136844484,0.00010307557243788424,-0.01248111146902848,-0.002962615734669138,-0.04519932355894886,-0.013499272595198656,0.3846725394800571,-0.029329645815078652,-0.0954541072099975,-0.04536387390061885,0.0,0.0,1.0,12.06223058526272,0.0,13.91299087522921,0.0,11.656191797371884,0.0,13.397189861819061,0.0,1.5707963267948966,1.5707963267948966,0.0021551659999659023,0.0,0.0,0.0,0.0,0.0,0.0
0.5105469226837158,-0.009298607608543548,-0.003921495968391505,0.3801060363603049,0.9999108408396938,-4.546644168140968e-05,-0.012965058651809856,-0.0031961786896218983,-0.04735418489066352,-0.013434437323366863,0.38460175470428704,-0.03000209324628775,-0.0968914627872526,-0.04633205138989071,0.0,0.0,1.0,11.89086422537187,0.0,13.831917354280604,0.0,11.411962958199725,0.0,13.20264284623836,0.0,1.5707963267948966,1.5707963267948966,0.002297010999882332,0.0,0.0,0.0,0.0,0.0,0.0
0.5205316543579102,-0.009794350839518065,-0.004054889249814402,0.38395129125133454,0.9999035471222115,-0.0001972577109944304,-0.013455923448064023,-0.00343448190799915,-0.04957432309745173,-0.013339328142289697,0.38452548910296674,-0.030659759829868863,-0.09827798762648003,-0.0472719262583011,0.0,0.0,1.0,11.780396139136933,0.0,13.808679134473147,0.0,11.292867851336302,0.0,13.147571676754641,0.0,1.5707963267948966,1.5707963267948966,0.002043602000185274,0.0,0.0,0.0,0.0,0.0,0.0
0.5306758880615234,-0.010312940537384482,-0.004187023087477408,0.38779572654515493,0.9998958214516273,-0.0003522319491536269,-0.013953461722625075,-0.0036773743603956666,-0.05185896978664171,-0.01321338376630064,0.38444352938203724,-0.031304075812763565,-0.09961572256964402,-0.04818167868943691,0.0,0.0,1.0,11.675453462100236,0.0,13.822700868981405,0.0,11.081281393022067,0.0,13.026775943369525,0.0,1.5707963267948966,1.5707963267948966,0.0021952480001345975,0.0,0.0,0.0,0.0,0.0,0.0
0.5402379035949707,-0.010855012514159322,-0.0043175837495858125,0.39163928313270097,0.9998876530756876,-0.0005103298071738179,-0.014457439416456897,-0.003924695631815752,-0.05420719767748404,-0.013056066210840446,0.3843556587546055,-0.031936389415368166,-0.10090669329065478,-0.04905941251393822,0.0,0.0,1.0,11.61112319897374,0.0,13.852522400287642,0.0,10.888721562826658,0.0,12.864046740061331,0.0,1.5707963267948966,1.5707963267948966,0.0017239639998933853,0.0,0.0,0.0,0.0,0.0,0.0
0.5496587753295898,-0.011421189109278229,-0.0044462524456655396,0.39548189995565186,0.9998790315741889,-0.0006714970806871601,-0.01496763128780972,-0.004176281068902482,-0.05661765951189074,-0.01286686960797268,0.38426168229508983,-0.032557701913430555,-0.10215267368230352,-0.049904264714596976,0.0,0.0,1.0,11.568096580067726,0.0,13.87465733143646,0.0,10.829840812427014,0.0,12.82805631871201,0.0,1.5707963267948966,1.5707963267948966,0.0013989050000873249,0.0,0.0,0.0,0.0,0.0,0.0
0.5605647563934326,-0.012012077813495453,-0.004572705462798646,0.3993235139838708,0.9998699468621127,-0.0008356853368561183,-0.015483820878576825,-0.004431961526824155,-0.05908887042172236,-0.01264530171331059,0.3841614028218923,-0.03316913657137004,-0.1033554326558643,-0.05071531893199805,0.0,0.0,1.0,11.409932121868128,0.0,13.855938432141635,0.0,10.74181663587516,0.0,12.879278375868228,0.0,1.5707963267948966,1.5707963267948966,0.001968018000070515,0.0,0.0,0.0,0.0,0.0,0.0
0.5700688362121582,-0.012628269109833737,-0.004696614380888525,0.40316406029010887,0.999860389190564,-0.0010028513516301214,-0.016005800107480435,-0.0046915647476319005,-0.06161912963382838,-0.012390891808987906,0.3840546306238065,-0.033771705955800854,-0.10451665838493303,-0.051491935074216,0.0,0.0,1.0,11.390158512106636,0.0,13.99118614749405,0.0,10.435667192661553,0.0,12.664756905959429,0.0,1.5707963267948966,1.5707963267948966,0.001699450000160141,0.0,0.0,0.0,0.0,0.0,0.0
0.5811097621917725,-0.013270335223530405,-0.004817646250118684,0.4070034720612592,0.9998503491497978,-0.0011729565400055715,-0.016533369236577028,-0.004954914698641708,-0.06420661136966688,-0.01210318692301586,0.3839411771150303,-0.03436630425114644,-0.1056380330886147,-0.05223334163617132,0.0,0.0,1.0,11.41215055827049,0.0,14.075372562524603,0.0,10.420031943968945,0.0,12.586194021495889,0.0,1.5707963267948966,1.5707963267948966,0.002116663000151675,0.0,0.0,0.0,0.0,0.0,0.0
0.5911393165588379,-0.013938828584788976,-0.004935463743332777,0.410841680662289,0.9998398176703883,-0.001345966547418989,-0.017066336674671456,-0.005221831805565252,-0.0668493361258571,-0.011781749321409275,0.38382086010297667,-0.03495374228041545,-0.106721200366916,-0.05293881428825178,0.0,0.0,1.0,11.275513994891057,0.0,14.017526593931022,0.0,10.236503661488415,0.0,12.476278171141615,0.0,1.5707963267948966,1.5707963267948966,0.0022219539998786786,0.0,0.0,0.0,0.0,0.0,0.0
0.6000356674194336,-0.014634280373790828,-0.0050497253023050375,0.4146786157132547,0.9998287860235643,-0.001521850871250728,-0.01760451878132381,-0.005492133196689935,-0.0695451789001851,-0.011426155897226082,0.3836935050965721,-0.0355347536523175,-0.10776776525516396,-0.05360767812770595,0.0,0.0,1.0,11.158200555165434,0.0,14.065623366285585,0.0,10.275119670458515,0.0,12.657879535797269,0.0,1.5707963267948966,1.5707963267948966,0.0019982310000159487,0.0,0.0,0.0,0.0,0.0,0.0
0.6116156578063965,-0.015357199156630991,-0.0051600852755105415,0.4185142051776172,0.9998172458207413,-0.0017005824961175459,-0.018147739671940274,-0.005765632957568024,-0.07229187828401636,-0.011035997320550398,0.3835589464362514,-0.0361099976537658,-0.10877929436083138,-0.05423930986703083,0.0,0.0,1.0,10.994812072475803,0.0,14.100256327221457,0.0,9.751478313349104,0.0,12.271137513894086,0.0,1.5707963267948966,1.5707963267948966,0.00255879799988179,0.0,0.0,0.0,0.0,0.0,0.0
0.6203041076660156,-0.01610140149502278,-0.005266373383037979,0.42233102642760845,0.9998068616808353,-0.0018810089985147182,-0.01860292469195059,-0.006052465115377223,-0.07442023383917885,-0.01062881075274383,0.38168212499912335,-0.03659842463742829,-0.09116855948566213,-0.05686787418411792,0.0,0.0,1.0,11.199036356212341,0.0,14.298978038709043,0.0,9.938015923711333,0.0,12.247729781889412,0.0,1.5707963267948966,1.5707963267948966,0.0018112499999460852,0.0,0.0,0.0,0.0,0.0,0.0
0.629859209060669,-0.016871606133212567,-0.00536811799290571,0.4261436087624769,0.9997966291260344,-0.002063801859449991,-0.01903076681323644,-0.006345945524871006,-0.07702046381897873,-0.010174460986773121,0.3812582334868497,-0.03712938159304595,-0.08570083475298301,-0.05817799341818346,0.0,0.0,1.0,10.994269248963864,0.0,14.169304486879813,0.0,9.67726724794157,0.0,12.11488249857504,0.0,1.5707963267948966,1.5707963267948966,0.001647045000026992,0.0,0.0,0.0,0.0,0.0,0.0
0.6407725811004639,-0.017662280730261257,-0.005465138540961996,0.4299375703302,0.9997880589295504,-0.0022479056803517646,-0.019351954644246598,-0.00665477222615264,-0.07906745970486884,-0.009702054805628598,0.3793961567723079,-0.03758460849506485,-0.06436331526793387,-0.06119550478803476,0.0,0.0,1.0,10.972689444567692,0.0,14.217525936439785,0.0,9.67273212128629,0.0,12.093912116286909,0.0,1.5707963267948966,1.5707963267948966,0.001891423000188297,0.0,0.0,0.0,0.0,0.0,0.0
0.6503069400787354,-0.018473572088370763,-0.005557081349853813,0.4337164089692955,0.9997812005074928,-0.0024332500909892973,-0.019568519621292826,-0.006978785397404426,-0.08112913581095066,-0.009194280889181648,0.3778838639095449,-0.03802992982681925,-0.04343137648718774,-0.06417803835334228,0.0,0.0,1.0,10.668408509153252,0.0,14.0008970329326,0.0,9.299428597435485,0.0,11.798277888351704,0.0,1.5707963267948966,1.5707963267948966,0.0014161970000259316,0.0,0.0,0.0,0.0,0.0,0.0
0.6599297523498535,-0.019297357897487568,-0.005643857195581447,0.4374623624838504,0.9997781524036027,-0.0026182784065375,-0.019571938180785224,-0.007330063469876021,-0.08237858091168067,-0.008677584572763474,0.37459535145549483,-0.0383690775494358,-0.0007827968003571301,-0.06952201643820742,0.0,0.0,1.0,10.918197823686254,0.0,14.171002155477964,0.0,9.357740608116714,0.0,11.650831932921767,0.0,1.5707963267948966,1.5707963267948966,0.0017704729998513358,0.0,0.0,0.0,0.0,0.0,0.0
0.6702651977539062,-0.0201346126467748,-0.005725070897846205,0.4411854733697234,0.9997784714818143,-0.0028031181497933113,-0.019384633691616325,-0.007706261529915831,-0.08372547492872325,-0.008121370226475794,0.3723110885873032,-0.03870675746694644,0.037379858374031245,-0.07440083765624109,0.0,0.0,1.0,10.788186230146241,0.0,13.990179988634013,0.0,9.251138877656219,0.0,11.506475155254492,0.0,1.5707963267948966,1.5707963267948966,0.001263319999907253,0.0,0.0,0.0,0.0,0.0,0.0
0.6801550388336182,-0.02098236048035191,-0.005800462945903273,0.4448846091254276,0.999782481199815,-0.0029872233880843912,-0.018981242998564383,-0.008110437509815613,-0.08477478335771091,-0.00753920480570687,0.3699135755704199,-0.03899933264268445,0.08061865430378258,-0.07987120060821237,0.0,0.0,1.0,10.910818802593282,0.0,14.022587703481255,0.0,9.32142993505526,0.0,11.494974384043784,0.0,1.5707963267948966,1.5707963267948966,0.001967813000192109,0.0,0.0,0.0,0.0,0.0,0.0
0.6902613639831543,-0.021841029276747196,-0.005869644550321032,0.4485685926975722,0.9997893920822986,-0.0031707722424017632,-0.0183899143456133,-0.008539832167890095,-0.08586687963952869,-0.006918160441775874,0.3683983572144618,-0.039286936332918326,0.11822505943660418,-0.0847989660636464,0.0,0.0,1.0,10.796414600357174,0.0,13.849582549121791,0.0,9.113312847081529,0.0,11.226968401687339,0.0,1.5707963267948966,1.5707963267948966,0.001920337000001382,0.0,0.0,0.0,0.0,0.0,0.0
0.6997873783111572,-0.022704752235403653,-0.00593246987871587,0.4522292082343464,0.9997997164490704,-0.003352753317891097,-0.017557689647821832,-0.00900075373391721,-0.08637229586564556,-0.006282532839483814,0.3660615536774212,-0.039498682173296544,0.166429361699253,-0.09095019673753169,0.0,0.0,1.0,10.989483507281387,0.0,13.885720120898897,0.0,9.25154858886636,0.0,11.182399764088698,0.0,1.5707963267948966,1.5707963267948966,0.0013994070000080683,0.0,0.0,0.0,0.0,0.0,0.0
0.7098636627197266,-0.02357462027175318,-0.005988508393463815,0.45587885689816304,0.9998120312835941,-0.003533627936587297,-0.016534495177902262,-0.009488205488459835,-0.08698680363495262,-0.0056038514747945075,0.36496486638166326,-0.039713039110319294,0.20464245663842642,-0.09612742592791207,0.0,0.0,1.0,11.085414213939561,0.0,13.847975799668829,0.0,9.27743847982552,0.0,11.142723834171719,0.0,1.5707963267948966,1.5707963267948966,0.0011400040000353329,0.0,0.0,0.0,0.0,0.0,0.0
0.7204768657684326,-0.024448869069923558,-0.006037442973243936,0.4595213128056984,0.9998254768019987,-0.003713388124875089,-0.015336532125446263,-0.010000873394608645,-0.08742487981703795,-0.004893457978012032,0.36424559075353535,-0.03990443394226456,0.23961330185965102,-0.10104774256350577,0.0,0.0,1.0,11.172440546451917,0.0,13.806706788541174,0.0,9.301000527341703,0.0,11.041738641709356,0.0,1.5707963267948966,1.5707963267948966,0.0013826259998950263,0.0,0.0,0.0,0.0,0.0,0.0
0.7298951148986816,-0.025325343408914864,-0.006078969665636449,0.46315950027918673,0.9998391857324206,-0.00389202262972442,-0.013979100414364388,-0.010537532224611774,-0.08764743389913073,-0.00415266923925135,0.3638187473488343,-0.04007169653917793,0.27152237320522093,-0.10572959104896962,0.0,0.0,1.0,11.401410214958311,0.0,13.871524283985204,0.0,9.366144425279517,0.0,10.967358487596368,0.0,1.5707963267948966,1.5707963267948966,0.001579270999854998,0.0,0.0,0.0,0.0,0.0,0.0
0.7404520511627197,-0.026202446517457033,-0.006112753005055105,0.4667981250972128,0.9998521613814422,-0.004069726784391523,-0.01248921102995057,-0.011095598794479447,-0.08771031085421681,-0.00337833394186564,0.3638624818026066,-0.040225237542874874,0.29802625156607004,-0.1099115001615663,0.0,0.0,1.0,11.23068597339148,0.0,13.595236080819262,0.0,9.39560814087635,0.0,10.953034074565872,0.0,1.5707963267948966,1.5707963267948966,0.001556476000132534,0.0,0.0,0.0,0.0,0.0,0.0
0.7504684925079346,-0.02707757956702737,-0.006138502717110506,0.4704390103032126,0.9998636220202125,-0.004246541344285574,-0.010882503190228715,-0.011673704277019506,-0.0875133049570336,-0.002574971205540128,0.3640885205999787,-0.040357868851930594,0.3214010195753033,-0.11382919936975999,0.0,0.0,1.0,11.507007007302128,0.0,13.742538547508925,0.0,9.502146378404023,0.0,10.98881334261929,0.0,1.5707963267948966,1.5707963267948966,0.0019838069999877916,0.0,0.0,0.0,0.0,0.0,0.0
0.76025390625,-0.027949528014449557,-0.0061558510933082365,0.47408804112740144,0.9998726720799959,-0.0044229068207936395,-0.00919650211920732,-0.012267920428289534,-0.08719484474221875,-0.0017348376197730724,0.3649030824188813,-0.04049030772889576,0.33726701137511705,-0.11699016180582143,0.0,0.0,1.0,11.59064516576273,0.0,13.6925555689942,0.0,9.51896146787413,0.0,10.870509670537103,0.0,1.5707963267948966,1.5707963267948966,0.001904200000126366,0.0,0.0,0.0,0.0,0.0,0.0
0.7700226306915283,-0.02881507520722071,-0.006164536481532949,0.477744882585869,0.999878822559253,-0.004598830539748312,-0.0074406788698235925,-0.01287739310359027,-0.08655471927711493,-0.0008685388224712448,0.36568414584675674,-0.04060391010981488,0.35123893795715516,-0.11998724836829988,0.0,0.0,1.0,11.9531548897674,0.0,13.890627971838295,0.0,9.721822893942946,0.0,10.951493881474784,0.0,1.5707963267948966,1.5707963267948966,0.0017963899999813293,0.0,0.0,0.0,0.0,0.0,0.0
0.7812871932983398,-0.029674725833061664,-0.006164077079231393,0.48142007686291965,0.9998814083497586,-0.004775326020388554,-0.0056791168220571035,-0.013494929789491718,-0.08596506258409542,4.5940230155584326e-05,0.36751942770506757,-0.04074830805442673,0.3523872006975895,-0.12160290817322497,0.0,0.0,1.0,11.646452159524056,0.0,13.544148586364637,0.0,9.732324536073914,0.0,10.992257709306779,0.0,1.5707963267948966,1.5707963267948966,0.0022525699998823256,0.0,0.0,0.0,0.0,0.0,0.0
0.7900633811950684,-0.03052498005324066,-0.006154228462447175,0.4851109399737981,0.9998803765807801,-0.004952405614709528,-0.00391543292096579,-0.014120042221819595,-0.08502542201789945,0.000984861678421853,0.3690863110878464,-0.040882903699028014,0.35281307219909147,-0.12312495280108376,0.0,0.0,1.0,11.76288980727352,0.0,13.590199881863184,0.0,9.83430455533053,0.0,11.07985868375791,0.0,1.5707963267948966,1.5707963267948966,0.0018951330000618327,0.0,0.0,0.0,0.0,0.0,0.0
0.7998242378234863,-0.0313643202793425,-0.006134622501205848,0.4888207352732817,0.9998756857143174,-0.005130600835118872,-0.0021805256304926984,-0.01474907998380251,-0.08393402261018462,0.0019605961241327134,0.3709795299483567,-0.04103143440977198,0.3470563016799699,-0.12394788571484329,0.0,0.0,1.0,11.82469599540594,0.0,13.605632344953772,0.0,9.708091257412402,0.0,10.891966295060277,0.0,1.5707963267948966,1.5707963267948966,0.0017299959999945713,0.0,0.0,0.0,0.0,0.0,0.0
0.8108580112457275,-0.03218677036242796,-0.006105193087888085,0.49253863539243053,0.9998674320092172,-0.005309126579215866,-0.00043498408386729117,-0.01538643464566626,-0.08224500830854553,0.002942941331776301,0.3717900119148857,-0.04113618335880033,0.34918889789318036,-0.12561051441104176,0.0,0.0,1.0,12.094741499618134,0.0,13.73524444781831,0.0,9.973486878591805,0.0,11.02253250078209,0.0,1.5707963267948966,1.5707963267948966,0.0020536719998744957,0.0,0.0,0.0,0.0,0.0,0.0
0.820157527923584,-0.032994382287120906,-0.006065320846058546,0.4962791672325609,0.9998557894625626,-0.005489506171833908,0.001240281445269197,-0.016022712071332462,-0.08076119246929475,0.003987224182953894,0.37405318401303306,-0.04129414751522856,0.3351283925563565,-0.1254799786295373,0.0,0.0,1.0,11.757860082881226,0.0,13.419772169873632,0.0,9.888904760112148,0.0,11.042100158051136,0.0,1.5707963267948966,1.5707963267948966,0.001303046999964863,0.0,0.0,0.0,0.0,0.0,0.0
0.8302123546600342,-0.03378227455528978,-0.006014888868368072,0.5000330723189882,0.9998409787543185,-0.005671171569568345,0.0028748697424189084,-0.01666103660035307,-0.07878922681688777,0.005043197769047338,0.375390508642727,-0.04142388923207194,0.326993020794848,-0.12594446879242077,0.0,0.0,1.0,11.806648105202676,0.0,13.40885456006176,0.0,10.060913544940567,0.0,11.174306968528393,0.0,1.5707963267948966,1.5707963267948966,0.002121570999861433,0.0,0.0,0.0,0.0,0.0,0.0
0.8396177291870117,-0.03455074285918076,-0.005953396090671418,0.5038077646840775,0.9998234993652323,-0.005855090823858642,0.0044211844183943754,-0.017295697639693755,-0.07684683038909783,0.006149277769665451,0.3774692365089342,-0.041585574286619575,0.3093309490531339,-0.1253221925816872,0.0,0.0,1.0,11.931429744411588,0.0,13.536154746843634,0.0,9.891401310638683,0.0,11.013164147320216,0.0,1.5707963267948966,1.5707963267948966,0.0013969169999654696,0.0,0.0,0.0,0.0,0.0,0.0
0.8505885601043701,-0.03529392476571997,-0.005880832650868398,0.5075897565304781,0.9998033497529858,-0.006040162833331002,0.005932907697601568,-0.017932620051372167,-0.07431819065392149,0.007256343980301989,0.3781991846400561,-0.04169755479501369,0.3024149040370404,-0.12582514844964954,0.0,0.0,1.0,12.054282130881273,0.0,13.560300828577383,0.0,10.15282601675254,0.0,11.146202232131117,0.0,1.5707963267948966,1.5707963267948966,0.0018262410001170792,0.0,0.0,0.0,0.0,0.0,0.0
0.8605136871337891,-0.03601248553814721,-0.005796662408095174,0.5113874906993389,0.9997811288433877,-0.00622736165470968,0.007362771779865901,-0.018566204975171065,-0.07185607724272407,0.008417024277322441,0.3797734168860716,-0.041835704309870374,0.2860370632022585,-0.125266617755353,0.0,0.0,1.0,11.662571059639864,0.0,13.21629466865369,0.0,10.08865626074548,0.0,11.233544249600262,0.0,1.5707963267948966,1.5707963267948966,0.001998103000005358,0.0,0.0,0.0,0.0,0.0,0.0
0.8704946041107178,-0.03670412252495971,-0.005700605880058033,0.5151980176009703,0.9997571525709325,-0.0064166069572303575,0.008714934619346902,-0.019196691199208214,-0.06916369868125001,0.009605652803714185,0.38105269016314475,-0.04196313529418695,0.2704913260896858,-0.12475331506359007,0.0,0.0,1.0,11.81614965159274,0.0,13.371786393057095,0.0,10.198882684934167,0.0,11.336539597307393,0.0,1.5707963267948966,1.5707963267948966,0.0019425890000093204,0.0,0.0,0.0,0.0,0.0,0.0
0.879918098449707,-0.03736677382855311,-0.005592370656480957,0.5190189481254809,0.9997316976488507,-0.00660780684336232,0.00999327008058066,-0.01982433247208748,-0.06626513035933969,0.010823522357707538,0.3820930524510611,-0.04207736376400547,0.25572084420694985,-0.12428828685792041,0.0,0.0,1.0,11.886857795122788,0.0,13.445340119114599,0.0,10.071241195307307,0.0,11.190278114076348,0.0,1.5707963267948966,1.5707963267948966,0.0014934030000404164,0.0,0.0,0.0,0.0,0.0,0.0
0.8896129131317139,-0.037998591913543475,-0.005471663425160713,0.5228483374055615,0.9997050061776916,-0.006800860319691605,0.011201389117590492,-0.020449396177133008,-0.06318180849903661,0.012070723132024416,0.38293892800805945,-0.0421763682225585,0.2416730310240449,-0.12387431055821442,0.0,0.0,1.0,12.036240863884462,0.0,13.50179143722986,0.0,10.36226848962575,0.0,11.3878252480512,0.0,1.5707963267948966,1.5707963267948966,0.0015377269999135024,0.0,0.0,0.0,0.0,0.0,0.0
0.9009058475494385,-0.03859791944179432,-0.005338186795038127,0.5266845926554716,0.9996772896778627,-0.006995658242547477,0.012342659806668784,-0.02107216213330579,-0.05993275282508441,0.013347663012258591,0.3836255249910135,-0.04225829365337902,0.22829933158135368,-0.12351391850132663,0.0,0.0,1.0,11.492475301269273,0.0,13.082890424629545,0.0,10.091761222547476,0.0,11.311889409126646,0.0,1.5707963267948966,1.5707963267948966,0.0022521109999615874,0.0,0.0,0.0,0.0,0.0,0.0
0.9104762077331543,-0.039163267700608594,-0.00519164097467291,0.5305264004621059,0.9996487326142878,-0.007192084144953603,0.013420226092518982,-0.021692921424398937,-0.05653482588142764,0.014654582036521724,0.38418078066342093,-0.042321435172208204,0.2155549600936945,-0.12320940403752594,0.0,0.0,1.0,11.519508292974358,0.0,13.123897077171703,0.0,10.120228187174327,0.0,11.332475175345367,0.0,1.5707963267948966,1.5707963267948966,0.001670455000066795,0.0,0.0,0.0,0.0,0.0,0.0
0.9206562042236328,-0.03969329713500301,-0.005031725462072244,0.5343726694861138,0.9996194954673012,-0.0073900161665284335,0.01443702520598703,-0.022311975393443095,-0.0530029434394418,0.01599155126006658,0.38462690240079767,-0.042364464203927345,0.2033986251304722,-0.1229628583433537,0.0,0.0,1.0,11.425042365324643,0.0,13.10831134685398,0.0,9.911449967026833,0.0,11.185913600942659,0.0,1.5707963267948966,1.5707963267948966,0.0021861899999748857,0.0,0.0,0.0,0.0,0.0,0.0
0.9298679828643799,-0.040184221802617416,-0.0048584081037530355,0.5382140857195248,0.9995889408481042,-0.007588237436485306,0.015439128103428219,-0.02293471844557647,-0.049092466761440655,0.017331735831920866,0.38414162334109364,-0.042348006717564265,0.20046846458913,-0.12372882920481293,0.0,0.0,1.0,11.497264931153977,0.0,13.076169705852314,0.0,10.119841179138069,0.0,11.276772537716795,0.0,1.5707963267948966,1.5707963267948966,0.0013526420000289363,0.0,0.0,0.0,0.0,0.0,0.0
0.9408645629882812,-0.04063748730409918,-0.004671105227941107,0.5420600427753336,0.9995579117775308,-0.007787714223780769,0.016383938087491588,-0.02355629603429221,-0.045326550148176756,0.01873028758119285,0.3845957055808839,-0.04234052560176417,0.18900852306358676,-0.1235888335325385,0.0,0.0,1.0,10.975712578533871,0.0,12.66257354913732,0.0,9.930726504461088,0.0,11.287243071112798,0.0,1.5707963267948966,1.5707963267948966,0.0018791979998695751,0.0,0.0,0.0,0.0,0.0,0.0
0.9510200023651123,-0.04104983425950432,-0.0044697729330055004,0.5459022529383684,0.9995257762149169,-0.007987336478651616,0.017311391287711957,-0.02418141579038792,-0.041234695540513566,0.020133229493560667,0.3842210163034784,-0.04227795021508277,0.18554715679656014,-0.12432967697381915,0.0,0.0,1.0,11.05247585436996,0.0,12.712421683963537,0.0,9.956127354612924,0.0,11.288057082259721,0.0,1.5707963267948966,1.5707963267948966,0.0021777800000108982,0.0,0.0,0.0,0.0,0.0,0.0
0.9603900909423828,-0.04142073285647275,-0.0042540652101748485,0.5497428974910075,0.9994927209063915,-0.008187174042043359,0.018214440448024286,-0.02480937716888213,-0.037089859696843044,0.021570772283065174,0.38406445526391303,-0.04219459712171926,0.18067534364985344,-0.12494190948461914,0.0,0.0,1.0,10.970147083033511,0.0,12.724196602421792,0.0,9.760906926997025,0.0,11.154476941385761,0.0,1.5707963267948966,1.5707963267948966,0.0014048069999716972,0.0,0.0,0.0,0.0,0.0,0.0
0.9705615043640137,-0.04174574895777739,-0.004024107792443412,0.553570504000126,0.9994574680507249,-0.008385459429266056,0.01915410632380742,-0.025447472148127315,-0.032501610130464445,0.022995741773143633,0.38276065091185507,-0.042032690238409616,0.1880272760334809,-0.12691289568827674,0.0,0.0,1.0,11.105435436193988,0.0,12.719271713831585,0.0,10.003047276672053,0.0,11.247279061271195,0.0,1.5707963267948966,1.5707963267948966,0.002066050000166797,0.0,0.0,0.0,0.0,0.0,0.0
0.9800074100494385,-0.04202818561315545,-0.003779099236270835,0.557402026927744,0.9994216337184213,-0.008584107064049945,0.020054408222536672,-0.026087005814342482,-0.028243665537806256,0.024500855617257702,0.3831522927617999,-0.04190022101859599,0.1801615446935739,-0.12727083969578504,0.0,0.0,1.0,10.712502940329607,0.0,12.307828347390043,0.0,10.121033000964038,0.0,11.480538451219504,0.0,1.5707963267948966,1.5707963267948966,0.001558179000085147,0.0,0.0,0.0,0.0,0.0,0.0
0.9898157119750977,-0.042267893614632415,-0.0035186969563752615,0.5612392763597769,0.9993856387656004,-0.008783414952026086,0.020902027106737733,-0.02672642725246744,-0.023970800147696526,0.026040227989557352,0.38372494320329287,-0.041758052082637935,0.16962803774006155,-0.12734233866943903,0.0,0.0,1.0,10.677262822249324,0.0,12.221893120980736,0.0,10.128171001511593,0.0,11.520315409461666,0.0,1.5707963267948966,1.5707963267948966,0.0018482820000826905,0.0,0.0,0.0,0.0,0.0,0.0
1.0005228519439697,-0.042463928245953776,-0.00324267797936708,0.5650807264531981,0.9993495644653322,-0.008983263011618154,0.021699144746679912,-0.027365966196653154,-0.01960346313213618,0.027601897700818154,0.38414500934211626,-0.04159572402802687,0.159531640678954,-0.1274572206570532,0.0,0.0,1.0,10.614896158763454,0.0,12.22851532979356,0.0,10.102465464067205,0.0,11.546982352220871,0.0,1.5707963267948966,1.5707963267948966,0.0016892169999209727,0.0,0.0,0.0,0.0,0.0,0.0
1.010923147201538,-0.04261540985410163,-0.0029508261894597007,0.5689251306085206,0.9993134804600151,-0.009183532458285707,0.02244780683212094,-0.02800582923080874,-0.015148160814785656,0.02918517899073792,0.38444041553225344,-0.04141335040840686,0.14984514767536172,-0.12761093460181885,0.0,0.0,1.0,10.414530755556807,0.0,12.058408975769886,0.0,9.96196983878882,0.0,11.452706203098272,0.0,1.5707963267948966,1.5707963267948966,0.0023613250000380503,0.0,0.0,0.0,0.0,0.0,0.0
1.0208027362823486,-0.04271995403024769,-0.0026431420874731995,0.5727660713910011,0.9992767143201297,-0.009383274296546649,0.023177765997556894,-0.0286494946622641,-0.010454417614606124,0.030768410198650124,0.38409407824805236,-0.04118732460245863,0.1461201320669275,-0.1284066954141642,0.0,0.0,1.0,10.420096172997269,0.0,12.00904542868492,0.0,10.269760000871146,0.0,11.75796389036431,0.0,1.5707963267948966,1.5707963267948966,0.0018762940001124662,0.0,0.0,0.0,0.0,0.0,0.0
1.0298032760620117,-0.04277830244548987,-0.0023192055989585897,0.5766092251601886,0.9992400344152034,-0.009583214319571771,0.023861918850981836,-0.029293761348732926,-0.005834841524218009,0.03239364885146098,0.38431537691875794,-0.04096151789167704,0.13696508592991347,-0.12861324532116347,0.0,0.0,1.0,10.249359401430581,0.0,11.761877354480578,0.0,10.245269623801727,0.0,11.751464529107826,0.0,1.5707963267948966,1.5707963267948966,0.0011397350001516315,0.0,0.0,0.0,0.0,0.0,0.0
1.040602445602417,-0.042789670822914495,-0.001978838825208555,0.58045363810437,0.9992034880999027,-0.009783239669719954,0.02450200639975028,-0.029938758707368666,-0.0011368377424624534,0.034036677375003474,0.38444129441813785,-0.04071665912472743,0.12815898302518164,-0.12884334949751552,0.0,0.0,1.0,10.070425047829124,0.0,11.607267175242447,0.0,10.321813087843893,0.0,11.896851072942807,0.0,1.5707963267948966,1.5707963267948966,0.001702935999901456,0.0,0.0,0.0,0.0,0.0,0.0
1.0500454902648926,-0.04275330738872499,-0.001621876532195973,0.5842985200420191,0.9991671156925448,-0.009983239644934137,0.025099660102628152,-0.030584586110716953,0.003636343418951125,0.03569622930125818,0.3844881937649135,-0.04045309663166475,0.11967989523301761,-0.12909108757221002,0.0,0.0,1.0,9.742486349481409,0.0,11.283793495271874,0.0,10.192068173760825,0.0,11.864925254956233,0.0,1.5707963267948966,1.5707963267948966,0.0015735320000658248,0.0,0.0,0.0,0.0,0.0,0.0
1.059453010559082,-0.04266323882147662,-0.0012488881712919451,0.5881247220772216,0.999128821257714,-0.01017951693516527,0.025752158345659394,-0.03122182422083438,0.009006856724836625,0.03729883609040278,0.382620203520246,-0.04009161486720256,0.13065494015686618,-0.12725822466652034,0.0,0.0,1.0,9.67413069745675,0.0,11.238779518260076,0.0,10.151766541183688,0.0,11.889760546918453,0.0,1.5707963267948966,1.5707963267948966,0.0013319250001586624,0.0,0.0,0.0,0.0,0.0,0.0
1.0697178840637207,-0.042517509247754603,-0.0008598435788771091,0.5919315079149949,0.9990880929046339,-0.010371181648582745,0.026478147949966516,-0.031848530398314326,0.014572957372202043,0.038904459241483606,0.3806785837773367,-0.039688009787596255,0.14536030816437864,-0.12499549484981684,0.0,0.0,1.0,9.610121599520122,0.0,11.00323637235089,0.0,10.308285142753075,0.0,11.900980944637537,0.0,1.5707963267948966,1.5707963267948966,0.0013295530000050348,0.0,0.0,0.0,0.0,0.0,0.0
1.080324411392212,-0.042314093178217334,-0.0004547332936715813,0.5957184731055669,0.9990444143269404,-0.010557397079673249,0.027293967846665948,-0.03246288477980667,0.020341606953727293,0.040511028520552786,0.37869651905719814,-0.03924287045170387,0.163334702520513,-0.12233099586616362,0.0,0.0,1.0,9.46315317940128,0.0,10.71464469397858,0.0,10.498173065660566,0.0,12.026960801141731,0.0,1.5707963267948966,1.5707963267948966,0.001555254999857425,0.0,0.0,0.0,0.0,0.0,0.0
1.0896728038787842,-0.04204946977587054,-3.377900674571884e-05,0.5994804096661251,0.9989966217796699,-0.010736356705107376,0.02823962387109342,-0.03306061041671963,0.026462340234679485,0.04209542869258624,0.3761936560558205,-0.038735527766615284,0.18931158027516906,-0.11872138442803405,0.0,0.0,1.0,9.296000708086618,0.0,10.323673166217828,0.0,10.63703528770078,0.0,12.005202515934426,0.0,1.5707963267948966,1.5707963267948966,0.0012862959999893064,0.0,0.0,0.0,0.0,0.0,0.0
1.100081205368042,-0.0417196413857917,0.00040272995583958034,0.603212000646152,0.9989432977553804,-0.01090604821876367,0.029358227631780743,-0.033636891238265826,0.03298283900788408,0.043650896258529914,0.3731590980026828,-0.038160315097808,0.22391291624323087,-0.11404959354805291,0.0,0.0,1.0,9.158685323933595,0.0,10.0184968780627,0.0,10.845718967231749,0.0,12.062103550299893,0.0,1.5707963267948966,1.5707963267948966,0.0015340800000558374,0.0,0.0,0.0,0.0,0.0,0.0
1.1092240810394287,-0.041321618943161706,0.0008545602956774052,0.6069087569048948,0.9988834443066303,-0.011065192216696811,0.030670910376440607,-0.03418656853224399,0.039802244262999276,0.045183033983782483,0.36967562587427966,-0.0375291349093205,0.26273899370330694,-0.10829318449620526,0.0,0.0,1.0,9.08683023515875,0.0,9.60105803474405,0.0,11.226853995776132,0.0,12.09217081861667,0.0,1.5707963267948966,1.5707963267948966,0.0010976149999351037,0.0,0.0,0.0,0.0,0.0,0.0
1.1201961040496826,-0.04086191753403589,0.0013217230790861095,0.6105491443662974,0.9988206066504471,-0.01121717481472342,0.032062870235436,-0.034692118296138594,0.04597014091258145,0.04671627834087042,0.3640387461402607,-0.03691778793069886,0.27854634071459533,-0.09927856363846972,0.0,0.0,1.0,8.868126541506436,0.0,9.203485823322547,0.0,11.6733007339194,0.0,12.26964389151592,0.0,1.5707963267948966,1.5707963267948966,0.0020034599999689817,0.0,0.0,0.0,0.0,0.0,0.0
1.129714012145996,-0.040343477924089925,0.0018039373486921366,0.6141101303019209,0.9987571314873721,-0.011363343671472083,0.03347698807081923,-0.03513343127884688,0.051843960994596094,0.04822142696060272,0.356098593562353,-0.03632350553971896,0.28287302620442123,-0.08636378697208048,0.0,0.0,1.0,8.751052451256882,0.0,8.833340678558795,0.0,12.07505397380042,0.0,12.349601324006377,0.0,1.5707963267948966,1.5707963267948966,0.0014736389998688537,0.0,0.0,0.0,0.0,0.0,0.0
1.1401233673095703,-0.03976941058928944,0.0023012231072895954,0.6175811434845371,0.9986960080417784,-0.01150589295245623,0.034842705412008526,-0.03549484227819125,0.057406733480048516,0.04972857585974588,0.3471013182616257,-0.035790024514316496,0.2730330429132085,-0.07047248261236098,0.0,0.0,1.0,8.51704815603882,0.0,8.543006402806716,0.0,12.449014952654943,0.0,12.501520519064185,0.0,1.5707963267948966,1.5707963267948966,0.0013824560001012287,0.0,0.0,0.0,0.0,0.0,0.0
1.1513803005218506,-0.03913919758765974,0.002813326560144988,0.6209519346476787,0.9986384995214761,-0.01164479800990803,0.03614855460289708,-0.03576070403282742,0.06302130016297008,0.051210345285539235,0.33707911631416665,-0.03529464688471964,0.2608558162446164,-0.051474254609340006,0.0,0.0,1.0,8.469195514624046,0.0,8.292895410457103,0.0,12.851886330200418,0.0,12.614241209695589,0.0,1.5707963267948966,1.5707963267948966,0.0023200179998639214,0.0,0.0,0.0,0.0,0.0,0.0
1.1600022315979004,-0.038453957727485735,0.003340438313842951,0.6242261666857044,0.998587036126518,-0.01178177030954285,0.03734624579570987,-0.035921847020925914,0.06852398601740065,0.052711175369796345,0.3274232038025717,-0.03487806597141257,0.23897988196221423,-0.03075369513786686,0.0,0.0,1.0,8.256163554390545,0.0,8.028429914852653,0.0,13.317252071628923,0.0,12.773302423265365,0.0,1.5707963267948966,1.5707963267948966,0.0017676639999990584,0.0,0.0,0.0,0.0,0.0,0.0
1.1708498001098633,-0.03771322446319071,0.0038823493714092733,0.6273974570797257,0.9985427541107049,-0.01191663891497287,0.038430355445680624,-0.03596483991756548,0.07407332642950268,0.05419110575663223,0.3171290394021318,-0.03450747872928923,0.215978725551949,-0.0073573907141217774,0.0,0.0,1.0,8.207931753931746,0.0,7.797333934158257,0.0,13.76838457270888,0.0,12.86386150556334,0.0,1.5707963267948966,1.5707963267948966,0.001642513999968287,0.0,0.0,0.0,0.0,0.0,0.0
1.1809673309326172,-0.03691828724433623,0.004439241999173449,0.6304707044447723,0.9985078288893466,-0.01205078804847467,0.03936227323994318,-0.03588182826274275,0.0794937218854482,0.055689262776417524,0.3073247365046501,-0.03421526073503865,0.18521764312141425,0.017516909692545445,0.0,0.0,1.0,7.976277055765494,0.0,7.606072170275657,0.0,14.107829118463448,0.0,12.956693723455698,0.0,1.5707963267948966,1.5707963267948966,0.002041661000021122,0.0,0.0,0.0,0.0,0.0,0.0
1.1906747817993164,-0.03606786866160897,0.005010846961485217,0.6334422019078217,0.9984822714588946,-0.012183111123276259,0.04016138429902988,-0.03566214515181099,0.08504185827272617,0.05716049623117687,0.29714974630495117,-0.03395088513588722,0.1583058783525858,0.04457193319396878,0.0,0.0,1.0,8.007541833512814,0.0,7.49703760410626,0.0,14.371860533222167,0.0,13.003546364949583,0.0,1.5707963267948966,1.5707963267948966,0.0016879460001746338,0.0,0.0,0.0,0.0,0.0,0.0
1.200303077697754,-0.035162889090529406,0.005597489278294813,0.6363257233538027,0.998467494418118,-0.012314800160581086,0.04079938253083386,-0.03530465511107335,0.09049795710795626,0.0586642316809596,0.28835214459809044,-0.033755779084297936,0.12571435870148515,0.07178090185782775,0.0,0.0,1.0,7.794113782461885,0.0,7.304640689436952,0.0,14.636174862938223,0.0,13.007358735923129,0.0,1.5707963267948966,1.5707963267948966,0.0017282700000578188,0.0,0.0,0.0,0.0,0.0,0.0
1.2096102237701416,-0.03420357505158548,0.006198902885680589,0.6391163825728904,0.9984633997773704,-0.0124449103595126,0.04129034444148979,-0.03480044492618864,0.0959314038943929,0.06014136073857758,0.2790659219087705,-0.03357318969519911,0.09591477303540707,0.1008061290300369,0.0,0.0,1.0,7.799470117160882,0.0,7.183851301268588,0.0,14.925579796598996,0.0,13.031784763403992,0.0,1.5707963267948966,1.5707963267948966,0.001345407999906456,0.0,0.0,0.0,0.0,0.0,0.0
1.220740795135498,-0.03319194961057143,0.006815319167194626,0.6418240939116292,0.998471022638374,-0.012574340321765605,0.041609926761503456,-0.03414845401849579,0.10116254410140472,0.0616416281514037,0.2707711338738762,-0.03343575311184417,0.06123166765572751,0.12997747236059634,0.0,0.0,1.0,7.637790734516297,0.0,7.092714453074879,0.0,15.106679675412735,0.0,13.03148924830274,0.0,1.5707963267948966,1.5707963267948966,0.0020788699998774973,0.0,0.0,0.0,0.0,0.0,0.0
1.2302343845367432,-0.032128221562274496,0.007446556273184038,0.6444498865247128,0.9984893974524127,-0.012701930550169221,0.0417814972673646,-0.033345023939302276,0.10637280482969375,0.06312371059894123,0.26257926130836445,-0.033290729627314254,0.031216801895411164,0.15993551646470644,0.0,0.0,1.0,7.723129654431918,0.0,7.0617350802454695,0.0,15.179774409809953,0.0,12.992921104301042,0.0,1.5707963267948966,1.5707963267948966,0.0015050859999519162,0.0,0.0,0.0,0.0,0.0,0.0
1.2396912574768066,-0.03101497342764508,0.008092971268092188,0.6470092827642996,0.9985191186418474,-0.012828685837199021,0.04178040355143795,-0.03239432674831503,0.11132481346294158,0.064641499490815,0.2559396239586819,-0.033174280248975084,-0.003727242037260853,0.18898846923856705,0.0,0.0,1.0,7.538350150132195,0.0,6.9230442781609,0.0,15.250654170521404,0.0,12.891233110459163,0.0,1.5707963267948966,1.5707963267948966,0.0014741109998794855,0.0,0.0,0.0,0.0,0.0,0.0
1.2504537105560303,-0.029854299813964667,0.008754274773602421,0.6494972433780806,0.9985591994323967,-0.012953512235282382,0.041623956037985674,-0.03129182055183263,0.11606736136804138,0.0661303505510232,0.24879606137810326,-0.03302450753257284,-0.035215566899631096,0.21898996439476426,0.0,0.0,1.0,7.514924397407154,0.0,6.820464676688647,0.0,15.327953238926431,0.0,12.849553870259559,0.0,1.5707963267948966,1.5707963267948966,0.0017557940000187955,0.0,0.0,0.0,0.0,0.0,0.0
1.2603001594543457,-0.0286498459107185,0.009430547572981412,0.6519189787554583,0.9986095840466455,-0.013076673427425977,0.04129899835633904,-0.03003817566065385,0.12044539032461668,0.0676272799378991,0.24217353773778313,-0.03286885450258032,-0.06933596593921518,0.24881596346024604,0.0,0.0,1.0,7.474711883807963,0.0,6.845644674089018,0.0,15.39863750134052,0.0,12.824644545986907,0.0,1.5707963267948966,1.5707963267948966,0.0019179680000434018,0.0,0.0,0.0,0.0,0.0,0.0
1.2707374095916748,-0.02740326825265147,0.010121814119311848,0.6542833101768891,0.9986686501255898,-0.013197363820953031,0.040824684184381295,-0.028637423168891424,0.12465776580670299,0.06912665463304365,0.23643314214307756,-0.03267047966570824,-0.09960734660639563,0.27787855342939677,0.0,0.0,1.0,7.549384662355019,0.0,6.814750085309121,0.0,15.324389706925523,0.0,12.730103000103854,0.0,1.5707963267948966,1.5707963267948966,0.0024182760000712733,0.0,0.0,0.0,0.0,0.0,0.0
1.2804019451141357,-0.026118979569911386,0.010828309204230656,0.6566009711181189,0.9987362320602511,-0.01331619899833551,0.040180620627095015,-0.027094932004886982,0.1284288682740084,0.07064950849188086,0.231766094122977,-0.03246250657726024,-0.13394507175980552,0.30580446163492586,0.0,0.0,1.0,7.506740578748738,0.0,6.814150306944477,0.0,15.313023507432897,0.0,12.58980858622022,0.0,1.5707963267948966,1.5707963267948966,0.001733166999883906,0.0,0.0,0.0,0.0,0.0,0.0
1.2906131744384766,-0.024799939077125976,0.011549971970432827,0.658876564412006,0.9988106654034064,-0.013432430815830858,0.039381856646074485,-0.025414441679669834,0.13190404927854094,0.07216627662021709,0.22755932938871384,-0.03219490802158874,-0.16525456456064222,0.33301550823232345,0.0,0.0,1.0,7.458740500604436,0.0,6.698607269263561,0.0,15.280212283793421,0.0,12.548912877544327,0.0,1.5707963267948966,1.5707963267948966,0.0022472569999081315,0.0,0.0,0.0,0.0,0.0,0.0
1.300239086151123,-0.02345135424880411,0.01228667893580481,0.6611089647403618,0.9988911779543472,-0.013545887008146476,0.03842023047524446,-0.023596809961665702,0.13485848283218646,0.0736706965371982,0.22324003283558633,-0.03187648160546693,-0.19819050979022174,0.3600264618379752,0.0,0.0,1.0,7.473069085233033,0.0,6.793895151992825,0.0,15.263500072521081,0.0,12.49306479495043,0.0,1.5707963267948966,1.5707963267948966,0.0016746539999985544,0.0,0.0,0.0,0.0,0.0,0.0
1.3101191520690918,-0.02207572644867359,0.013038478032067407,0.6633091015676116,0.9989755592576564,-0.013655794997645363,0.037318001464036445,-0.02164989689499117,0.13756278001305186,0.07517990962625973,0.22001368272496782,-0.03148699871257826,-0.22664317516965954,0.38551873408359916,0.0,0.0,1.0,7.5245182579864,0.0,6.709232317756256,0.0,15.126869065185183,0.0,12.371844407591375,0.0,1.5707963267948966,1.5707963267948966,0.0018713289998686378,0.0,0.0,0.0,0.0,0.0,0.0
1.319946050643921,-0.02067935740105333,0.013805376297939145,0.6654806608528508,0.9990633979419508,-0.013762478625185842,0.0360504387746438,-0.019577715365414937,0.1396369047620264,0.07668982658717387,0.21715592852392873,-0.031052410885380854,-0.26003007382849497,0.41013432561843866,0.0,0.0,1.0,7.564681485598311,0.0,6.856105137221759,0.0,15.080733515942326,0.0,12.253554918318498,0.0,1.5707963267948966,1.5707963267948966,0.0019679570000334934,0.0,0.0,0.0,0.0,0.0,0.0
1.330808401107788,-0.019264633588925245,0.014587414864083038,0.6676360761961982,0.9991521576094778,-0.01386506406139467,0.034645534276997465,-0.017390022931522614,0.14147238121280836,0.07820385661438921,0.2155415343347442,-0.030526085130367697,-0.2877813141031512,0.43287007502165037,0.0,0.0,1.0,7.6029132656977,0.0,6.733140766815476,0.0,15.005156348038303,0.0,12.234380286498654,0.0,1.5707963267948966,1.5707963267948966,0.001815867999994225,0.0,0.0,0.0,0.0,0.0,0.0
1.341111421585083,-0.01783873805087732,0.015384434645737473,0.6697745432912543,0.9992414245714029,-0.013963717755891438,0.033074171068777296,-0.015089374243461663,0.14258955380479268,0.07970197816544344,0.2138467095056098,-0.02994274288986307,-0.3213479912588247,0.45500968870452635,0.0,0.0,1.0,7.581946127472645,0.0,6.914453707729821,0.0,14.94774810497071,0.0,12.175897647111947,0.0,1.5707963267948966,1.5707963267948966,0.0022813820000919804,0.0,0.0,0.0,0.0,0.0,0.0
1.3495144844055176,-0.01640305356376171,0.016196312849423727,0.6719054540058015,0.9993279484035456,-0.01405712215878058,0.031386971659472185,-0.012684907024496185,0.1435684487115609,0.08118782036862525,0.2130910714547165,-0.029238508334886806,-0.3447536888746003,0.4754606830353947,0.0,0.0,1.0,7.761283376429811,0.0,6.800323824362616,0.0,14.794721560719351,0.0,12.053316652809343,0.0,1.5707963267948966,1.5707963267948966,0.001572692000081588,0.0,0.0,0.0,0.0,0.0,0.0
1.359851598739624,-0.01496652902733594,0.017023053542910137,0.6740343998287657,0.9994121403307913,-0.014145995932942884,0.029522653409544526,-0.010182214599517592,0.14365245364257714,0.08267406934864083,0.2128945822964143,-0.028506802892271955,-0.380403792461135,0.49461720915346835,0.0,0.0,1.0,7.684243068417,0.0,7.0162541703784775,0.0,14.698327397126416,0.0,11.925526583073589,0.0,1.5707963267948966,1.5707963267948966,0.0013242719999198016,0.0,0.0,0.0,0.0,0.0,0.0
1.3706786632537842,-0.013529419469336793,0.01786437611162586,0.6761675351739509,0.9994902161064856,-0.01422875314365504,0.027554435168029405,-0.007589703153440737,0.14371095579991475,0.08413225687157233,0.21331353451852683,-0.027620268402234287,-0.40137721313290203,0.5123002612963903,0.0,0.0,1.0,8.061333889905612,0.0,7.0206426405592675,0.0,14.622260941942153,0.0,11.946393500896137,0.0,1.5707963267948966,1.5707963267948966,0.001840552999965439,0.0,0.0,0.0,0.0,0.0,0.0
1.3801789283752441,-0.012101451282279877,0.018720607931223657,0.6783245222078977,0.9995629532469188,-0.014306299067112374,0.025397344035683538,-0.004920083254586363,0.14279681870569147,0.08562318195977969,0.21569870339468428,-0.02673197654093232,-0.43931478852660316,0.527197350366358,0.0,0.0,1.0,7.750200824573485,0.0,7.087006940256566,0.0,14.497725065194562,0.0,11.826456963287301,0.0,1.5707963267948966,1.5707963267948966,0.0015091749999101012,0.0,0.0,0.0,0.0,0.0,0.0
1.3902716636657715,-0.010682382597055218,0.019590805164179274,0.68048923505794,0.9996262170649234,-0.01437668191728163,0.023152122586156235,-0.0021717258745025014,0.1419068685224658,0.08701972329556174,0.21647128500422627,-0.02564031784559786,-0.4571033657476326,0.5427129671446773,0.0,0.0,1.0,8.306675524859749,0.0,7.215403676882807,0.0,14.453168466728249,0.0,11.82467736297455,0.0,1.5707963267948966,1.5707963267948966,0.0020596089998434763,0.0,0.0,0.0,0.0,0.0,0.0
1.399749994277954,-0.009282545240958867,0.020475623111907742,0.682696310516393,0.9996809219393169,-0.014440696543649933,0.020715131139081498,0.0006355594235990508,0.13998373560963503,0.08848179477284689,0.2207075458452963,-0.02458132868501963,-0.49557025107515595,0.5539686488907437,0.0,0.0,1.0,7.914568345862877,0.0,7.2063654875491725,0.0,14.180009236889967,0.0,11.604677201056989,0.0,1.5707963267948966,1.5707963267948966,0.0014637070000844687,0.0,0.0,0.0,0.0,0.0,0.0
1.410663366317749,-0.007901585171756539,0.02137380518492933,0.6849189354764096,0.9997232222912158,-0.014496731389620056,0.018193829192261243,0.003508300159193964,0.13809600692023288,0.08981820730215885,0.22226249600165388,-0.023303608404546126,-0.5125657436370346,0.5668468001354577,0.0,0.0,1.0,8.703815649080497,0.0,7.581678620897095,0.0,14.11190634383552,0.0,11.602019779541349,0.0,1.5707963267948966,1.5707963267948966,0.0017625430000407505,0.0,0.0,0.0,0.0,0.0,0.0
1.4201583862304688,-0.006549584887982983,0.02228657948512153,0.6872159226277261,0.9997538262139586,-0.014545220267223003,0.015478318042535699,0.006414453094432664,0.13520002837735554,0.09127743001921994,0.22969871513165,-0.022086593930955082,-0.5514566471364207,0.573000106111054,0.0,0.0,1.0,8.168929246316488,0.0,7.335965038735836,0.0,13.858031398103165,0.0,11.416462393680405,0.0,1.5707963267948966,1.5707963267948966,0.0014163150001422764,0.0,0.0,0.0,0.0,0.0,0.0
1.4308438301086426,-0.005227566003841588,0.023211978166466085,0.6895358092491167,0.9997695043652778,-0.014584839791517892,0.012664192679834811,0.009372236298190624,0.13220188841413955,0.09253986813445542,0.23198866213905986,-0.02064291997392426,-0.5712901353649912,0.5830834582509684,0.0,0.0,1.0,8.767985193054203,0.0,7.642142613131529,0.0,13.835834688264896,0.0,11.32003736003934,0.0,1.5707963267948966,1.5707963267948966,0.0022207540000636072,0.0,0.0,0.0,0.0,0.0,0.0
1.4409925937652588,-0.0039445410209967445,0.02415070599751796,0.6919231996912271,0.9997700355296009,-0.014615197267251608,0.009674292498236951,0.012356380159147203,0.12830249828448437,0.09387278310518718,0.2387390442110377,-0.019231368273250487,-0.6064931022903755,0.5878936250600287,0.0,0.0,1.0,8.372042058160735,0.0,7.4887540741493215,0.0,13.508018952791641,0.0,11.200679177247723,0.0,1.5707963267948966,1.5707963267948966,0.0019092180000370718,0.0,0.0,0.0,0.0,0.0,0.0
1.4497263431549072,-0.0027015511228462097,0.02510113776045771,0.6943391200931764,0.9997528843253047,-0.014635772685072107,0.006589809826857768,0.015379819491442093,0.12429898981505344,0.09504317629397524,0.2415920401949413,-0.017636861113277908,-0.6255102146684617,0.5955371717485307,0.0,0.0,1.0,9.143013863357385,0.0,7.972451521078681,0.0,13.217326197470088,0.0,10.861770607281445,0.0,1.5707963267948966,1.5707963267948966,0.00169780099986383,0.0,0.0,0.0,0.0,0.0,0.0
1.4606707096099854,-0.0015082436371200445,0.02606439506507223,0.6968468330723644,0.9997177528060535,-0.01464568362110904,0.0033274458532998176,0.018407791279160615,0.11933074857261652,0.09632573046145206,0.250771297918792,-0.016110251416673087,-0.6611002951863363,0.59599223129046,0.0,0.0,1.0,8.792465553369043,0.0,7.73174871389326,0.0,12.935886638144256,0.0,10.780202839713843,0.0,1.5707963267948966,1.5707963267948966,0.0015925630000310775,0.0,0.0,0.0,0.0,0.0,0.0
1.470320463180542,-0.00036717151068256276,0.02703858301838829,0.699400209353256,0.9996625212175141,-0.014644525582823326,-5.967247482436367e-05,0.021456420547053087,0.11410721264374818,0.097418795331606,0.2553376280891562,-0.01442899174314603,-0.6861321991400705,0.5998386128748215,0.0,0.0,1.0,9.221634404780003,0.0,7.941155376162378,0.0,12.653594944781576,0.0,10.285525217209205,0.0,1.5707963267948966,1.5707963267948966,0.0016383960000894149,0.0,0.0,0.0,0.0,0.0,0.0
1.479670763015747,0.0007127078412586078,0.02802370051576508,0.7020272783804,0.9995859833058511,-0.014630887318968703,-0.0036272241791922297,0.02450800602837955,0.10798793519411706,0.09851174973767908,0.26270690271440866,-0.012770445764134499,-0.7222694435263042,0.5999925944512056,0.0,0.0,1.0,9.119068816690227,0.0,8.00852292172277,0.0,12.30120180665032,0.0,10.318573350050116,0.0,1.5707963267948966,1.5707963267948966,0.0012104299999009527,0.0,0.0,0.0,0.0,0.0,0.0
1.4902873039245605,0.001729753604055128,0.029018752398441806,0.7047137209798543,0.9994866720787048,-0.014605097921903539,-0.0073146921368359595,0.027560455922745433,0.10170457627965203,0.09950518826767281,0.2686442599454293,-0.010995013695359178,-0.7463215727389428,0.599917407665977,0.0,0.0,1.0,9.756778021622406,0.0,8.377268136524547,0.0,11.53689133894206,0.0,9.499800239014258,0.0,1.5707963267948966,1.5707963267948966,0.0014023179999185231,0.0,0.0,0.0,0.0,0.0,0.0
1.4999001026153564,0.00266286561062336,0.030022552294997125,0.7074725009389288,0.9993618910508101,-0.014560687696249354,-0.011359905655325747,0.030573675485003456,0.0933112006568232,0.10037998965553198,0.2758779959074492,-0.009376472973095002,-0.8178598835784132,0.5911437540720897,0.0,0.0,1.0,9.653503481743975,0.0,8.502350969514492,0.0,11.238926594610065,0.0,9.75903065358053,0.0,1.5707963267948966,1.5707963267948966,0.0016413799999099865,0.0,0.0,0.0,0.0,0.0,0.0
1.5109589099884033,0.003516769405758591,0.031034874624529574,0.7103068783496324,0.9992099846721718,-0.014500470752542509,-0.015592967219162684,0.03355595703737437,0.0853903795135231,0.10123223295324496,0.2834377410703552,-0.007515064834910259,-0.8554740617753831,0.5845431191950271,0.0,0.0,1.0,10.091374292824785,0.0,8.782994911103359,0.0,10.335272848398414,0.0,8.769920753786772,0.0,1.5707963267948966,1.5707963267948966,0.0020339109998985805,0.0,0.0,0.0,0.0,0.0,0.0
1.520622730255127,0.004267084621636376,0.03205267686784578,0.7131848661337308,0.9990246635638775,-0.014413940344170461,-0.020307740497908983,0.036463071602716106,0.07503152158777847,0.10178022433161989,0.28779877840984325,-0.00582070635429158,-0.9518041499866219,0.5682670756557267,0.0,0.0,1.0,10.108408309271823,0.0,9.202357466662917,0.0,9.563873772758825,0.0,8.874503292129507,0.0,1.5707963267948966,1.5707963267948966,0.0017789660000744334,0.0,0.0,0.0,0.0,0.0,0.0
1.529982089996338,0.004928631141043753,0.033076006996290534,0.7160975598022524,0.9988089479335074,-0.01430896888235026,-0.02517630814575602,0.039269484916831666,0.0661546519407377,0.10233301284447592,0.2912693668521618,-0.003754269861702469,-0.9825009623787999,0.5478498475920834,0.0,0.0,1.0,10.694442466570324,0.0,9.917238887520512,0.0,8.602189701783354,0.0,7.925174088401805,0.0,1.5707963267948966,1.5707963267948966,0.0014174529999309016,0.0,0.0,0.0,0.0,0.0,0.0
